{"layout":["normal","normal","video","normal","normal","normal","parallax","normal","normal","parallax","normal","normal","parallax","normal","normal"],"content":["","","","","","","","","","","","","","",""],"page":["about","services","parallax-video","do-you-have-any-ideas","portfolio","how-it-looks","some-interesting-facts-about-us","our-team","feel-free-to-drop-us-a-line","twitter-feed","our-skills","clients","we-are-passionate-about-design","contact","google-maps"],"background":["","grey","","grey","","","","","grey","","","grey","","grey",""],"image":["","","","","","","http:\/\/www.athenadesignstudio.com\/themes\/royal-wp\/wp-content\/uploads\/2017\/03\/image-3.jpg","","","http:\/\/www.athenadesignstudio.com\/themes\/royal-wp\/wp-content\/uploads\/2017\/03\/image-1.jpg","","","http:\/\/www.athenadesignstudio.com\/themes\/royal-wp\/wp-content\/uploads\/2017\/03\/image-2.jpg","",""],"video-start":["0","0","5","0","0","0","0","0","0","0","0","0","0","0","0"],"video":["","","PGG825Hg490","","","","","","","","","","","",""],"overlay":["disabled","disabled","default","disabled","disabled","disabled","default","disabled","disabled","disabled","disabled","disabled","default","disabled","disabled"]}